{
	"credit": "Made with Blockbench",
	"texture_size": [32, 32],
	"textures": {
		"0": "block/small_hat_top",
		"1": "block/small_hat_midle",
		"particle": "block/small_hat_top"
	},
	"elements": [
		{
			"from": [2, 2, 2],
			"to": [14, 8, 14],
			"faces": {
				"north": {"uv": [6, 0, 12, 3], "texture": "#0"},
				"east": {"uv": [6, 3, 12, 6], "texture": "#0"},
				"south": {"uv": [6, 6, 12, 9], "texture": "#0"},
				"west": {"uv": [6, 9, 12, 12], "texture": "#0"},
				"up": {"uv": [6, 6, 0, 0], "texture": "#0"},
				"down": {"uv": [6, 6, 0, 12], "texture": "#0"}
			}
		},
		{
			"from": [0, 0, 0],
			"to": [16, 2, 16],
			"faces": {
				"north": {"uv": [6, 0, 12, 3], "texture": "#0"},
				"east": {"uv": [6, 3, 12, 6], "texture": "#0"},
				"south": {"uv": [6, 6, 12, 9], "texture": "#0"},
				"west": {"uv": [6, 9, 12, 12], "texture": "#0"},
				"up": {"uv": [6, 6, 0, 0], "texture": "#0"},
				"down": {"uv": [6, 6, 0, 12], "texture": "#0"}
			}
		},
		{
			"from": [1.75, 2, 1.75],
			"to": [14.5, 3.25, 14.25],
			"faces": {
				"north": {"uv": [6.5, 0, 13, 0.5], "texture": "#1"},
				"east": {"uv": [6.5, 0.5, 13, 1], "texture": "#1"},
				"south": {"uv": [6.5, 1, 13, 1.5], "texture": "#1"},
				"west": {"uv": [6.5, 1.5, 13, 2], "texture": "#1"},
				"up": {"uv": [6.5, 6.5, 0, 0], "texture": "#1"},
				"down": {"uv": [6.5, 6.5, 0, 13], "texture": "#1"}
			}
		}
	],
	"display": {
		"head": {
			"translation": [0, 13.75, 0]
		}
	}
}