{
	"credit": "Made with Blockbench",
	"texture_size": [64, 64],
	"textures": {
		"0": "block/top",
		"1": "block/down",
		"2": "block/midle",
		"particle": "block/top"
	},
	"elements": [
		{
			"from": [0, 0, 0],
			"to": [16, 4, 16],
			"faces": {
				"north": {"uv": [8, 0, 16, 2], "texture": "#1"},
				"east": {"uv": [8, 2, 16, 4], "texture": "#1"},
				"south": {"uv": [8, 4, 16, 6], "texture": "#1"},
				"west": {"uv": [8, 6, 16, 8], "texture": "#1"},
				"up": {"uv": [8, 8, 0, 0], "texture": "#1"},
				"down": {"uv": [8, 8, 0, 16], "texture": "#1"}
			}
		},
		{
			"from": [-0.25, 1.25, -0.25],
			"to": [16.25, 2.25, 16.25],
			"faces": {
				"north": {"uv": [4.25, 0, 8.5, 0.25], "texture": "#2"},
				"east": {"uv": [4.25, 0.25, 8.5, 0.5], "texture": "#2"},
				"south": {"uv": [4.25, 0.5, 8.5, 0.75], "texture": "#2"},
				"west": {"uv": [4.25, 0.75, 8.5, 1], "texture": "#2"},
				"up": {"uv": [4.25, 4.25, 0, 0], "texture": "#2"},
				"down": {"uv": [4.25, 4.25, 0, 8.5], "texture": "#2"}
			}
		},
		{
			"from": [2, 4, 2],
			"to": [14, 20, 14],
			"faces": {
				"north": {"uv": [0, 0, 3, 4], "texture": "#0"},
				"east": {"uv": [3, 0, 6, 4], "texture": "#0"},
				"south": {"uv": [0, 4, 3, 8], "texture": "#0"},
				"west": {"uv": [3, 4, 6, 8], "texture": "#0"},
				"up": {"uv": [9, 3, 6, 0], "texture": "#0"},
				"down": {"uv": [9, 3, 6, 6], "texture": "#0"}
			}
		}
	],
	"display": {
		"head": {
			"translation": [0, 13, 0],
			"scale": [0.93, 0.93, 0.93]
		}
	}
}