{
  "parent": "minecraft:block/orientable",
  "textures": {
    "top": "minecraft:block/pumpkin_top",
    "front": "minecraft:block/carved_pumpkin",
    "side": "minecraft:block/pumpkin_side"
  },
  "overrides": [
    {
      "predicate": {
        "custom_model_data": 1000
      },
      "model": "minecraft:item/big_hat"
    },    
    {
      "predicate": {
        "custom_model_data": 1001
      },
      "model": "minecraft:item/small_hat"
    },    
    {
      "predicate": {
        "custom_model_data": 1002
      },
      "model": "minecraft:item/micro_hat"
    },    
    {
      "predicate": {
        "custom_model_data": 1003
      },
      "model": "minecraft:item/diamond_hat"
    }
  ]
}