{
	"credit": "Made with Blockbench",
	"texture_size": [32, 32],
	"textures": {
		"1": "block/midle_small",
                "2": "block/midle_small",
		"3": "block/small_hat_top",
		"particle": "block/small_hat_top"
	},
	"elements": [
		{
			"from": [1.75, 2, 1.75],
			"to": [14.25, 8, 14.25],
			"faces": {
				"north": {"uv": [6.5, 0, 13, 3], "texture": "#3"},
				"east": {"uv": [6.5, 3, 13, 6], "texture": "#3"},
				"south": {"uv": [6.5, 6, 13, 9], "texture": "#3"},
				"west": {"uv": [6.5, 9, 13, 12], "texture": "#3"},
				"up": {"uv": [6.5, 6.5, 0, 0], "texture": "#3"},
				"down": {"uv": [6.5, 6.5, 0, 13], "texture": "#3"}
			}
		},
		{
			"from": [-0.5, 0, -0.5],
			"to": [16.5, 2, 16.5],
			"faces": {
				"north": {"uv": [6, 0, 12, 3], "texture": "#missing"},
				"east": {"uv": [6, 3, 12, 6], "texture": "#missing"},
				"south": {"uv": [6, 6, 12, 9], "texture": "#missing"},
				"west": {"uv": [6, 9, 12, 12], "texture": "#missing"},
				"up": {"uv": [6, 6, 0, 0], "texture": "#missing"},
				"down": {"uv": [6, 6, 0, 12], "texture": "#missing"}
			}
		},
		{
			"from": [1.5, 2, 1.5],
			"to": [14.5, 3.25, 14.5],
			"faces": {
				"north": {"uv": [6.5, 0, 13, 0.5], "texture": "#1"},
				"east": {"uv": [6.5, 0.5, 13, 1], "texture": "#1"},
				"south": {"uv": [6.5, 1, 13, 1.5], "texture": "#1"},
				"west": {"uv": [6.5, 1.5, 13, 2], "texture": "#1"},
				"up": {"uv": [6.5, 6.5, 0, 0], "texture": "#1"},
				"down": {"uv": [6.5, 6.5, 0, 13], "texture": "#1"}
			}
		}
	],
	"display": {
		"head": {
			"translation": [0, 13.75, 0]
		}
	}
}